[
    {
        "id": 1,
        "name": "联运旧版",
        "alias": "",
        "down_info": {

        }
    },
	{
        "id": 2,
        "name": "game8u",
        "alias": "",
        "down_info": {

        }
    },
    {
        "id": 3,
        "name": "guopan",
        "alias": "",
        "down_info": {

        }
    },
    {
        "id": 4,
        "name": "天宇游-曼巴",
        "alias": "",
        "down_info": {
        }
    },
    {
        "id": 5,
        "name": "233",
        "alias": "",
        "down_info": {
        }
    },
    {
        "id": 6,
        "name": "277",
        "alias": "",
        "down_info": {

        }
    },
	{
        "id": 7,
        "name": "3733",
        "alias": "",
        "down_info": {

        }
    },
    {
        "id": 8,
        "name": "kepan",
        "alias": "",
        "down_info": {
        }
    },
    {
        "id": 9,
        "name": "milu",
        "alias": "",
        "down_info": {

        }
    },
    {
        "id": 10,
        "name": "xiaoqi",
        "alias": "",
        "down_info": {
        }
    },
    {
        "id": 11,
        "name": "xinyou5144",
        "alias": "",
        "down_info": {

        }
    },
	{
        "id": 12,
        "name": "爱趣5535",
        "alias": "",
        "down_info": {

        }
    },
    {
        "id": 13,
        "name": "丑娃",
        "alias": "",
        "down_info": {

        }
    },
    {
        "id": 14,
        "name": "悦玩-一元",
        "alias": "",
        "down_info": {

        }
    },
    {
        "id": 15,
        "name": "触点-btgo",
        "alias": "",
        "down_info": {
        }
    },
    {
        "id": 16,
        "name": "触点-快嗨玩",
        "alias": "",
        "down_info": {
        }
    },
	{
        "id": 17,
        "name": "触点-速趣",
        "alias": "",
        "down_info": {
        }
    },
    {
        "id": 18,
        "name": "早游戏",
        "alias": "",
        "down_info": {
        }
    },
    {
        "id": 19,
        "name": "久游堂",
        "alias": "",
        "down_info": {
        }
    },
    {
        "id": 20,
        "name": "米粒游",
        "alias": "",
        "down_info": {
        }
    },
    {
        "id": 21,
        "name": "飞剑-随便玩",
        "alias": "",
        "down_info": {
        }
    },
  {
        "id": 22,
        "name": "天盛-重庆星游",
        "alias": "",
        "down_info": {
        }
    },
   {
        "id": 23,
        "name": "哪吒玩",
        "alias": "",
        "down_info": {
        }
    },
  {
        "id": 24,
        "name": "幻夜",
        "alias": "",
        "down_info": {
        }
    },
    {
        "id": 25,
        "name": "时光",
        "alias": "",
        "down_info": {
        }
    },
    {
        "id": 26,
        "name": "ygame",
        "alias": "",
        "down_info": {
        }
    },
    {
        "id": 27,
        "name": "ygame_test",
        "alias": "",
        "down_info": {
        }
    }

]
